method_id	celltype_aupr	celltype_auroc	correct_format	finished	match_probability_mod1	match_probability_mod2	pairing_aupr	pairing_auroc	match_probability
dummy_solution	0.19304298668010272	0.5024372978137643	1	1	1	1	1	1	1
dummy_constant	0.19379460203416113	0.5036764303592819	0	1	0.0010967462231202035	9.82119196870127e-4	0.001125052218814938	0.500849605046033	0.0010394327099951654
baseline_procrustes_knn	0.1936815506597154	0.5032025458358871	0	1	0.0010962053295782296	0.0010961898310392598	0.0011189994653607062	0.5005496201244529	0.0010961975803087446
baseline_dr_nn_knn	0.18910857192507968	0.48201357832658687	0	0.9565217391304348	0.0010961926554666898	0.0010871080441874	0.0011043112066599044	0.4781261417921759	0.001091650349827045
baseline_dr_knnr_knn	0.19362068798269003	0.5034147958575214	0	1	0.0010964065718626981	0.0010849395031432107	0.0010983763904971805	0.5004486912293942	0.0010906730375029544
dummy_random	0.19022331165431594	0.5029120079058054	0	1	0.0010824784742835781	0.0010806817891076785	0.0010879095776770056	0.4990755055559535	0.0010815801316956283
baseline_mnn_nn_ga	0.13168980037006922	0.30702914050704316	0	0.6086956521739131	9.038437402786456e-4	9.035682001003223e-4	9.171934739112964e-4	0.30412489866933395	9.03705970189484e-4
dummy_zeros	0	0	0	0.9565217391304348	0	0	0	0	0
