method_id	correct_format	finished	mean_pearson_per_cell	mean_pearson_per_gene	mean_spearman_per_cell	mean_spearman_per_gene	mse	logp1_mse
baseline_knn	0.9130434782608695	0.9565217391304348	0.31757158153195186	0.08038846255695108	0.24952417065543567	0.07152341053239186	8454.982100664418	1.5014073501496836
baseline_linearmodel	0.8043478260869565	0.8043478260869565	-0.0029159357715172465	-0.09059563731749962	-0.031672742666825404	-0.09314487188083763	42163.66613863864	2.2124547429881956
baseline_randomforest	0.391304347826087	0.391304347826087	-0.5032372184878983	-0.5397175534236981	-0.5079142201810823	-0.5419942108380074	115655.51679985892	3.7196722280457104
dummy_meanpergene	0.9565217391304348	1	0.3372985926746834	-0.043478260869565216	0.2624743021559054	-0.043478260869565216	4263.7573089110665	1.2599562106482507
dummy_random	0.9565217391304348	1	0.22389572856093914	-0.043794419287335386	0.16444689568094809	-0.043789684271031894	372.9950025784121	1.5209043832828024
dummy_solution	1	1	0.9129033178444231	0.8781689040808002	0.912925619483588	0.8902830345155758	0	0
dummy_zeros	0.9565217391304348	1	-0.043478260869565216	-0.043478260869565216	-0.043478260869565216	-0.043478260869565216	325.14781181663363	1.6174569716445408
